Date,Open,High,Low,Close,Adj Close
1/1/1990,38921.64844,38950.76953,36365.17188,37188.94922,37188.94922
2/1/1990,37242.03125,37886.69141,32443.17969,34591.98828,34591.98828
3/1/1990,34587.26953,34587.85938,28830.36914,29980.44922,29980.44922
4/1/1990,29979.96094,30524.18945,27251.03906,29584.80078,29584.80078
5/1/1990,29593.58008,33227.94141,29519.25,33130.80078,33130.80078
6/1/1990,33110.37109,33344.92188,31086.33984,31940.24023,31940.24023
7/1/1990,31924.0293,33186.80078,30296.55078,31035.66016,31035.66016
8/1/1990,31086.14063,31371.5293,23547.26953,25978.36914,25978.36914
9/1/1990,26014.13086,26163.49023,20671.00977,20983.5,20983.5
10/1/1990,20986.07031,25485.84961,19781.69922,25194.09961,25194.09961
11/1/1990,25159.94922,25159.94922,21933.99023,22454.63086,22454.63086
12/1/1990,22456.86914,25063.85938,21626.64063,23848.71094,23848.71094
1/1/1991,23827.48047,24109.89063,22099.51953,23293.14063,23293.14063
2/1/1991,23270.63086,26709.80078,22859.65039,26409.2207,26409.2207
3/1/1991,26389.25,27270.33008,25785.9707,26292.03906,26292.03906
4/1/1991,26237.78906,27092.01953,25913.59961,26111.25,26111.25
5/1/1991,26193.60938,26648.58008,25227.64063,25789.61914,25789.61914
6/1/1991,25840.91016,26017.16016,23214.57031,23290.96094,23290.96094
7/1/1991,23376.5293,24322.43945,21731.15039,24120.75,24120.75
8/1/1991,24074.31055,24084.31055,21309.48047,22335.86914,22335.86914
9/1/1991,22328.84961,24157.60938,22175.05078,23916.43945,23916.43945
10/1/1991,23909.75,25254.80078,23860.66992,25222.2793,25222.2793
11/1/1991,25167.13086,25167.13086,22538.33008,22687.34961,22687.34961
12/1/1991,22645.51953,23022.34961,21123.90039,22983.76953,22983.76953
1/1/1992,23030.66016,23901.89063,20638.03906,22023.05078,22023.05078
2/1/1992,22075.85938,22373.08008,20485.7207,21338.81055,21338.81055
3/1/1992,21348.13086,21550.85938,19343.33984,19345.94922,19345.94922
4/1/1992,19325.4707,19325.4707,16572.46094,17390.71094,17390.71094
5/1/1992,17374.94922,19003.60938,17273.38086,18347.75,18347.75
6/1/1992,18327.67969,18502.60938,15641.61035,15951.73047,15951.73047
7/1/1992,15960.55957,17274.49023,15024.58984,15910.28027,15910.28027
8/1/1992,15902.75,18168.81055,14194.40039,18061.11914,18061.11914
9/1/1992,18058.10938,19284.11914,17396.42969,17399.08008,17399.08008
10/1/1992,17422.4707,17714.03906,16675.23047,16767.40039,16767.40039
11/1/1992,16732.5,17683.65039,15941.92969,17683.65039,17683.65039
12/1/1992,17675.0293,17787.56055,16891.93945,16924.94922,16924.94922
1/1/1993,16980.23047,17177.68945,16216.11035,17023.7793,17023.7793
2/1/1993,17037.51953,17419.17969,16750.88086,16953.34961,16953.34961
3/1/1993,16956.46094,19126.38086,16721.48047,18591.44922,18591.44922
4/1/1993,18595.51953,20919.17969,18526.65039,20919.17969,20919.17969
5/1/1993,20939.46094,21224.7793,20122.7793,20552.34961,20552.34961
6/1/1993,20531.86914,21222.76953,19039.55078,19590,19590
7/1/1993,19638.78906,20545.75,19545.44922,20380.14063,20380.14063
8/1/1993,20392.74023,21029.69922,20231.32031,21026.59961,21026.59961
9/1/1993,20964.09961,21281.0293,19927.68945,20105.71094,20105.71094
10/1/1993,20096.60938,20529.55078,19443.53906,19702.9707,19702.9707
11/1/1993,19656.9707,19656.9707,15671.96973,16406.53906,16406.53906
12/1/1993,16449.93945,18052.21094,16216.82031,17417.24023,17417.24023
1/1/1994,17421.64063,20229.11914,17242.32031,20229.11914,20229.11914
2/1/1994,20256.33008,20526.44922,18768.98047,19997.19922,19997.19922
3/1/1994,20052.60938,20781.98047,19082.82031,19111.91992,19111.91992
4/1/1994,19161.63086,20494.59961,18896.48047,19725.25,19725.25
5/1/1994,19648.5293,21048.60938,19488.90039,20973.58984,20973.58984
6/1/1994,20988.90039,21573.21094,20168.5293,20643.92969,20643.92969
7/1/1994,20618.2207,20907.58008,19993.69922,20449.39063,20449.39063
8/1/1994,20422.17969,20875.7793,20271.34961,20628.5293,20628.5293
9/1/1994,20634.33008,20700.53906,19414.08008,19563.81055,19563.81055
10/1/1994,19579.7207,20176.64063,19487.69922,19989.59961,19989.59961
11/1/1994,19929.49023,19929.49023,18666.13086,19075.61914,19075.61914
12/1/1994,19061.21094,19833.2207,18822.56055,19723.06055,19723.06055
1/1/1995,19724.75977,19724.75977,17698.75,18649.82031,18649.82031
2/1/1995,18646.91992,18868.92969,16518.46094,17053.42969,17053.42969
3/1/1995,17017.91016,17161.88086,15424.11035,16139.9502,16139.9502
4/1/1995,16079.63965,17110.40039,15256.05957,16806.75,16806.75
5/1/1995,16820.38086,17189.53906,15292.42969,15436.79004,15436.79004
6/1/1995,15480.57031,16015.92969,14376.08008,14517.40039,14517.40039
7/1/1995,14519.40039,17018.34961,14295.90039,16677.5293,16677.5293
8/1/1995,16644.74023,18299.71094,16274.33984,18117.2207,18117.2207
9/1/1995,18053.24023,18847.89063,17503.35938,17913.06055,17913.06055
10/1/1995,17921.38086,18547.42969,17337.18945,17654.64063,17654.64063
11/1/1995,17622.66016,18846.75,17408.92969,18744.41992,18744.41992
12/1/1995,18752.18945,20023.51953,18695.89063,19868.15039,19868.15039
1/1/1996,19945.67969,21021.63086,19945.67969,20812.74023,20812.74023
2/1/1996,20806.35938,21156.76953,19878.91016,20125.36914,20125.36914
3/1/1996,20093.7793,21486.33008,19627.57031,21406.84961,21406.84961
4/1/1996,21451.07031,22347.86914,21349.67969,22041.30078,22041.30078
5/1/1996,22030.75,22311.28906,21170.7207,21956.18945,21956.18945
6/1/1996,21970.56055,22750.69922,21588.51953,22530.75,22530.75
7/1/1996,22568.42969,22600.08008,20627.60938,20692.83008,20692.83008
8/1/1996,20665.18945,21398.00977,20092.24023,20166.90039,20166.90039
9/1/1996,20186.59961,21603.91016,19920.01953,21556.40039,21556.40039
10/1/1996,21532.53906,21788.58008,20449.99023,20466.85938,20466.85938
11/1/1996,20498,21460.57031,20388.09961,21020.35938,21020.35938
12/1/1996,21034.93945,21067.67969,18819.91992,19361.34961,19361.34961
1/1/1997,19364.24023,19500.90039,17019.56055,18330.00977,18330.00977
2/1/1997,18307.94922,19229.49023,17792.4707,18557,18557
3/1/1997,18517.16992,18750.25,17616.78906,18003.40039,18003.40039
4/1/1997,17934.78906,19194.82031,17447.64063,19151.11914,19151.11914
5/1/1997,19232.32031,20612.25977,19187.7207,20068.81055,20068.81055
6/1/1997,20083.50977,20910.78906,20040.69922,20604.96094,20604.96094
7/1/1997,20561.56055,20698.66992,19495.84961,20331.42969,20331.42969
8/1/1997,20344.63086,20399.14063,17973.90039,18229.41992,18229.41992
9/1/1997,18215.2207,18775.08008,17563.66016,17887.71094,17887.71094
10/1/1997,17820.38086,17936.85938,16082.32031,16458.93945,16458.93945
11/1/1997,16494.00977,17006.08984,14966.12988,16636.25977,16636.25977
12/1/1997,16593.50977,17117.7793,14488.20996,15258.74023,15258.74023
1/1/1998,15268.92969,17352.94922,14546.25,16628.4707,16628.4707
2/1/1998,16685.00977,17256.24023,15932.46973,16831.66992,16831.66992
3/1/1998,16901,17352.34961,16178.21973,16527.16992,16527.16992
4/1/1998,16433.36914,16623.7793,15334.46973,15641.25977,15641.25977
5/1/1998,15656.13965,15972.87988,15020.04981,15670.78027,15670.78027
6/1/1998,15670.73047,15830.46973,14614.74023,15830.26953,15830.26953
7/1/1998,15852.09961,16756.89063,15739.75977,16378.96973,16378.96973
8/1/1998,16303.59961,16303.59961,13792.75977,14107.88965,14107.88965
9/1/1998,13979.82031,15294.25977,13406.38965,13406.38965,13406.38965
10/1/1998,13377.24023,14742.44043,12787.90039,13564.50977,13564.50977
11/1/1998,13648.28027,15320.23047,13648.28027,14883.7002,14883.7002
12/1/1998,14821.53027,15011.08984,13657.03027,13842.16992,13842.16992
1/1/1999,13779.04981,14628.87988,13122.61035,14499.25,14499.25
2/1/1999,14544.12012,14641.41016,13769.25,14367.54004,14367.54004
3/1/1999,14362.86035,16437.23047,13921.05957,15836.58984,15836.58984
4/1/1999,15868.04981,17166.06055,15813.41016,16701.5293,16701.5293
5/1/1999,16762.7793,17300.60938,15886.62012,16111.65039,16111.65039
6/1/1999,16090.15039,17958.33984,16026.9502,17529.74023,17529.74023
7/1/1999,17607.59961,18623.15039,17367.08008,17861.85938,17861.85938
8/1/1999,17827.24023,18397.92969,17040.7207,17436.56055,17436.56055
9/1/1999,17479.57031,17988.58984,16652.03906,17605.46094,17605.46094
10/1/1999,17589.73047,18228.39063,17178.4707,17942.08008,17942.08008
11/1/1999,17982.39063,19036.08008,17857.10938,18558.23047,18558.23047
12/1/1999,18563.25977,18960.33008,18006.32031,18934.33984,18934.33984
1/1/2000,18937.44922,19595.83008,18068.09961,19539.69922,19539.69922
2/1/2000,19536.67969,20046.14063,19266.96094,19959.51953,19959.51953
3/1/2000,20030.08008,20809.78906,18765.88086,20337.32031,20337.32031
4/1/2000,20327.78906,20833.21094,17926.42969,17973.69922,17973.69922
5/1/2000,17979.25,18586.16016,15870.25,16332.4502,16332.4502
6/1/2000,16320.08008,17511.32031,16289.91992,17411.05078,17411.05078
7/1/2000,17451.65039,17661.10938,15394.70996,15727.49023,15727.49023
8/1/2000,15784.59961,17210.80078,15557.33008,16861.25977,16861.25977
9/1/2000,16915.03906,17018.51953,15621.87988,15747.25977,15747.25977
10/1/2000,15735.70996,16192.78027,14333.16016,14539.59961,14539.59961
11/1/2000,14557.4502,15602.38965,14172.63965,14648.50977,14648.50977
12/1/2000,14600.53027,15273.40039,13182.50977,13785.69043,13785.69043
1/1/2001,13898.08984,14186.62012,13123.80957,13843.54981,13843.54981
2/1/2001,13740.91992,13862.29004,12784.16992,12883.54004,12883.54004
3/1/2001,12811.51953,13867.58008,11433.87988,12999.7002,12999.7002
4/1/2001,13057.65039,14099.49023,12579.55957,13934.32031,13934.32031
5/1/2001,14096.32031,14556.11035,13216.57031,13262.13965,13262.13965
6/1/2001,13365.08008,13510.7002,12511.66016,12969.04981,12969.04981
7/1/2001,12929.66016,12929.66016,11531.67969,11860.76953,11860.76953
8/1/2001,11920.63965,12407.37012,10684.16016,10713.50977,10713.50977
9/1/2001,10729.59961,10812.88965,9382.950195,9774.679688,9774.679688
10/1/2001,9766.75,11052.00977,9604.089844,10366.33984,10366.33984
11/1/2001,10430.58984,11186.75,9955.089844,10697.44043,10697.44043
12/1/2001,10694.65039,11052.50977,10170.90039,10542.62012,10542.62012
1/1/2002,10631,10979.91992,9843.120117,9997.799805,9997.799805
2/1/2002,10026.95996,10798.66992,9420.849609,10587.83008,10587.83008
3/1/2002,10641.36035,12034.04004,10540.30957,11024.94043,11024.94043
4/1/2002,11106.07031,11812.99023,10896.12012,11492.54004,11492.54004
5/1/2002,11540.08984,12081.42969,11250.86035,11763.7002,11763.7002
6/1/2002,11804.04004,11905.16016,10060.71973,10621.83984,10621.83984
7/1/2002,10655,11050.69043,9547.849609,9877.94043,9877.94043
8/1/2002,9912.589844,10162.29981,9439.410156,9619.299805,9619.299805
9/1/2002,9564.900391,9884.599609,8969.259766,9383.290039,9383.290039
10/1/2002,9289.530273,9293.860352,8197.219727,8640.480469,8640.480469
11/1/2002,8651.669922,9294.099609,8246.530273,9215.55957,9215.55957
12/1/2002,9208.610352,9320.110352,8256.519531,8578.950195,8578.950195
1/1/2003,8669.889648,8829.05957,8237.030273,8339.94043,8339.94043
2/1/2003,8285.549805,8821.30957,8253.759766,8363.040039,8363.040039
3/1/2003,8397.150391,8509.429688,7824.819824,7972.709961,7972.709961
4/1/2003,7907.129883,8249.980469,7603.759766,7831.419922,7831.419922
5/1/2003,7804.029785,8461.730469,7745.689941,8424.509766,8424.509766
6/1/2003,8490.219727,9188.950195,8488.889648,9083.110352,9083.110352
7/1/2003,9097.610352,10070.11035,9078.740234,9563.209961,9563.209961
8/1/2003,9646.660156,10415.53027,9224.049805,10343.54981,10343.54981
9/1/2003,10399.53027,11160.19043,10148.36035,10219.04981,10219.04981
10/1/2003,10232.57031,11238.62988,10173.54004,10559.58984,10559.58984
11/1/2003,10693.66016,10869.34961,9614.599609,10100.57031,10100.57031
12/1/2003,10006.12988,10681.28027,9859,10676.63965,10676.63965
1/1/2004,10787.83008,11193.63965,10665.15039,10783.61035,10783.61035
2/1/2004,10784.92969,11069.28027,10299.42969,11041.91992,11041.91992
3/1/2004,11112.67969,11869,11045.94043,11715.38965,11715.38965
4/1/2004,11756.16016,12195.66016,11623.65039,11761.79004,11761.79004
5/1/2004,11777.44043,11785.25977,10489.83984,11236.37012,11236.37012
6/1/2004,11204.69043,11887.9502,10963.55957,11858.87012,11858.87012
7/1/2004,11933.33008,11988.12012,11018.79004,11325.78027,11325.78027
8/1/2004,11274.4502,11279.70996,10545.88965,11081.79004,11081.79004
9/1/2004,11104.84961,11357.84961,10737.78027,10823.57031,10823.57031
10/1/2004,10893.19043,11410.40039,10575.23047,10771.41992,10771.41992
11/1/2004,10731.01953,11268.80957,10690.9502,10899.25,10899.25
12/1/2004,10790.4502,11500.9502,10721.58984,11488.75977,11488.75977
1/1/2005,11458.26953,11580.69043,11212.62988,11387.58984,11387.58984
2/1/2005,11422.01953,11754.90039,11271.04004,11740.59961,11740.59961
3/1/2005,11734.13965,11975.45996,11506.84961,11668.9502,11668.9502
4/1/2005,11590.4502,11911.90039,10770.58008,11008.90039,11008.90039
5/1/2005,10954.20996,11302.51953,10788.58984,11276.58984,11276.58984
6/1/2005,11220.94043,11594.57031,11148.36035,11584.00977,11584.00977
7/1/2005,11573.37012,11913.5,11540.92969,11899.59961,11899.59961
8/1/2005,11907.41992,12612.16016,11614.70996,12413.59961,12413.59961
9/1/2005,12501.42969,13678.44043,12498.40039,13574.29981,13574.29981
10/1/2005,13566.2002,13783.59961,12996.29004,13606.5,13606.5
11/1/2005,13718.20996,15013.24023,13706.33008,14872.15039,14872.15039
12/1/2005,14914.75,16445.56055,14880.17969,16111.42969,16111.42969
1/1/2006,16294.65039,16754.59961,15059.51953,16649.82031,16649.82031
2/1/2006,16594.90039,16777.36914,15389.58008,16205.42969,16205.42969
3/1/2006,16026.82031,17125.64063,15553.13965,17059.66016,17059.66016
4/1/2006,17127.60938,17563.36914,16750.5,16906.23047,16906.23047
5/1/2006,16929.83008,17375.25,15442.53027,15467.33008,15467.33008
6/1/2006,15603.25,15789.30957,14045.53027,15505.17969,15505.17969
7/1/2006,15573.34961,15710.38965,14437.24023,15456.80957,15456.80957
8/1/2006,15387.51953,16244.83984,15154.05957,16140.75977,16140.75977
9/1/2006,16072.80957,16414.93945,15513.87012,16127.58008,16127.58008
10/1/2006,16169,16901.5293,16028.32031,16399.39063,16399.39063
11/1/2006,16338.71973,16512.50977,15615.55957,16274.33008,16274.33008
12/1/2006,16313.01953,17301.68945,16185.91992,17225.83008,17225.83008
1/1/2007,17322.5,17617.64063,16758.46094,17383.41992,17383.41992
2/1/2007,17377.0293,18300.39063,17199.66016,17604.11914,17604.11914
3/1/2007,17542.23047,17558.03906,16532.91016,17287.65039,17287.65039
4/1/2007,17346.25,17782.08008,16999.05078,17400.41016,17400.41016
5/1/2007,17396.30078,17875.75,17203.0293,17875.75,17875.75
6/1/2007,17949.91992,18297,17591.92969,18138.35938,18138.35938
7/1/2007,18139.03906,18295.26953,17042.66016,17248.89063,17248.89063
8/1/2007,17169.19922,17274.33008,15262.09961,16569.08984,16569.08984
9/1/2007,16511.07031,16929.25977,15610.65039,16785.68945,16785.68945
10/1/2007,16773.09961,17488.9707,16199.01953,16737.63086,16737.63086
11/1/2007,16812.90039,16887.03906,14669.84961,15680.66992,15680.66992
12/1/2007,15747.46973,16107.65039,14998.00977,15307.78027,15307.78027
1/1/2008,15155.73047,15156.66016,12572.67969,13592.46973,13592.46973
2/1/2008,13517.74023,14105.46973,12923.41992,13603.01953,13603.01953
3/1/2008,13412.87012,13413.62988,11691,12525.54004,12525.54004
4/1/2008,12539.79981,14003.28027,12521.83984,13849.99023,13849.99023
5/1/2008,13802.58984,14392.53027,13540.67969,14338.54004,14338.54004
6/1/2008,14342.95996,14601.26953,13453.34961,13481.37988,13481.37988
7/1/2008,13514.86035,13603.30957,12671.33984,13376.80957,13376.80957
8/1/2008,13276.57031,13468.80957,12631.94043,13072.87012,13072.87012
9/1/2008,12936.80957,12940.54981,11160.83008,11259.86035,11259.86035
10/1/2008,11396.61035,11456.63965,6994.899902,8576.980469,8576.980469
11/1/2008,8702.769531,9521.240234,7406.180176,8512.269531,8512.269531
12/1/2008,8464.360352,8859.55957,7849.839844,8859.55957,8859.55957
1/1/2009,8991.209961,9325.349609,7671.040039,7994.049805,7994.049805
2/1/2009,7908.509766,8257.709961,7155.160156,7568.419922,7568.419922
3/1/2009,7454.279785,8843.179688,7021.279785,8109.529785,8109.529785
4/1/2009,8173.359863,9068.799805,8084.620117,8828.259766,8828.259766
5/1/2009,8848.839844,9522.5,8827.129883,9522.5,9522.5
6/1/2009,9517.490234,10170.82031,9491.259766,9958.44043,9958.44043
7/1/2009,9889.339844,10359.07031,9050.330078,10356.83008,10356.83008
8/1/2009,10355.23047,10767,10142.21973,10492.53027,10492.53027
9/1/2009,10453.37012,10577.19043,9971.049805,10133.23047,10133.23047
10/1/2009,10072.63965,10397.69043,9628.669922,10034.74023,10034.74023
11/1/2009,9903.769531,9979.459961,9076.410156,9345.549805,9345.549805
12/1/2009,9281.820313,10707.50977,9233.200195,10546.44043,10546.44043
1/1/2010,10609.33984,10982.09961,10198.04004,10198.04004,10198.04004
2/1/2010,10212.36035,10449.75,9867.389648,10126.03027,10126.03027
3/1/2010,10128.73047,11147.62012,10116.86035,11089.94043,11089.94043
4/1/2010,11178.91992,11408.16992,10865.91992,11057.40039,11057.40039
5/1/2010,10847.90039,10847.90039,9395.290039,9768.700195,9768.700195
6/1/2010,9747.259766,10251.90039,9347.070313,9382.639648,9382.639648
7/1/2010,9296.860352,9807.360352,9091.700195,9537.299805,9537.299805
8/1/2010,9574.639648,9750.879883,8807.410156,8824.05957,8824.05957
9/1/2010,8833.320313,9704.25,8796.450195,9369.349609,9369.349609
10/1/2010,9440.519531,9716.919922,9179.150391,9202.450195,9202.450195
11/1/2010,9166.849609,10157.96973,9123.620117,9937.040039,9937.040039
12/1/2010,9939.799805,10394.21973,9918.549805,10228.91992,10228.91992
1/1/2011,10352.19043,10620.57031,10182.57031,10237.91992,10237.91992
2/1/2011,10281.54981,10891.59961,10245.75,10624.08984,10624.08984
3/1/2011,10676.24023,10768.42969,8227.629883,9755.099609,9755.099609
4/1/2011,9757.280273,9849.740234,9405.19043,9849.740234,9849.740234
5/1/2011,9964.389648,10017.46973,9406.040039,9693.730469,9693.730469
6/1/2011,9708.049805,9849.69043,9318.620117,9816.089844,9816.089844
7/1/2011,9878.69043,10207.91016,9824.339844,9833.030273,9833.030273
8/1/2011,9907.040039,10040.12988,8619.209961,8955.200195,8955.200195
9/1/2011,9017.009766,9098.150391,8359.700195,8700.290039,8700.290039
10/1/2011,8567.980469,9152.389648,8343.009766,8988.389648,8988.389648
11/1/2011,8880.75,8946,8135.790039,8434.610352,8434.610352
12/1/2011,8581.200195,8729.80957,8272.259766,8455.349609,8455.349609
1/1/2012,8549.540039,8911.620117,8349.330078,8802.509766,8802.509766
2/1/2012,8789.05957,9866.410156,8780.099609,9723.240234,9723.240234
3/1/2012,9771.339844,10255.15039,9509.099609,10083.55957,10083.55957
4/1/2012,10161.71973,10190.34961,9388.139648,9520.889648,9520.889648
5/1/2012,9471.660156,9472.25,8455.129883,8542.730469,8542.730469
6/1/2012,8465.469727,9044.040039,8238.959961,9006.780273,9006.780273
7/1/2012,9103.790039,9136.019531,8328.019531,8695.05957,8695.05957
8/1/2012,8622.040039,9222.870117,8513.200195,8839.910156,8839.910156
9/1/2012,8836.610352,9288.530273,8646.030273,8870.160156,8870.160156
10/1/2012,8815.070313,9075.589844,8488.139648,8928.290039,8928.290039
11/1/2012,8931.709961,9492.910156,8619.450195,9446.009766,9446.009766
12/1/2012,9484.200195,10433.62988,9376.969727,10395.17969,10395.17969
1/1/2013,10604.5,11145.37988,10398.61035,11138.66016,11138.66016
2/1/2013,11193.71973,11662.51953,11046.91992,11559.36035,11559.36035
3/1/2013,11464.70996,12650.25977,11464.70996,12397.91016,12397.91016
4/1/2013,12371.33984,13983.87012,11805.78027,13860.86035,13860.86035
5/1/2013,13837.71973,15942.59961,13555.66016,13774.54004,13774.54004
6/1/2013,13551.36035,13724.44043,12415.84961,13677.32031,13677.32031
7/1/2013,13746.71973,14953.29004,13562.7002,13668.32031,13668.32031
8/1/2013,13674.5,14466.16016,13188.13965,13388.86035,13388.86035
9/1/2013,13438.07031,14817.5,13407.53027,14455.79981,14455.79981
10/1/2013,14517.98047,14799.28027,13748.94043,14327.94043,14327.94043
11/1/2013,14403.07031,15729.08984,14026.16992,15661.87012,15661.87012
12/1/2013,15659.74023,16320.21973,15112.54004,16291.30957,16291.30957
1/1/2014,16147.54004,16164.00977,14764.57031,14914.53027,14914.53027
2/1/2014,14788.55957,15094.54004,13995.86035,14841.07031,14841.07031
3/1/2014,14666.92969,15312.59961,14203.20996,14827.83008,14827.83008
4/1/2014,14870.50977,15164.38965,13885.11035,14304.11035,14304.11035
5/1/2014,14341.08984,14744.16016,13964.42969,14632.37988,14632.37988
6/1/2014,14777.50977,15442.66992,14777.50977,15162.09961,15162.09961
7/1/2014,15179.63965,15759.66016,15101.49023,15620.76953,15620.76953
8/1/2014,15511.54004,15628.78027,14753.83984,15424.58984,15424.58984
9/1/2014,15454.58984,16374.13965,15440.99023,16173.51953,16173.51953
10/1/2014,16173.38965,16533.91016,14529.03027,16413.75977,16413.75977
11/1/2014,16732.84961,17520.53906,16713.36914,17459.84961,17459.84961
12/1/2014,17475.09961,18030.83008,16672.93945,17450.76953,17450.76953
1/1/2015,17325.67969,17850.58984,16592.57031,17674.39063,17674.39063
2/1/2015,17536.60938,18865.39063,17271.86914,18797.93945,18797.93945
3/1/2015,18869.40039,19778.59961,18577.06055,19206.99023,19206.99023
4/1/2015,19129.75,20252.11914,18927.94922,19520.00977,19520.00977
5/1/2015,19510.84961,20655.33008,19257.84961,20563.15039,20563.15039
6/1/2015,20444.53906,20952.71094,19990.55078,20235.73047,20235.73047
7/1/2015,20291.05078,20850,19115.19922,20585.24023,20585.24023
8/1/2015,20540.21094,20946.92969,17714.30078,18890.48047,18890.48047
9/1/2015,18763.7207,18777.4707,16901.49023,17388.15039,17388.15039
10/1/2015,17479.9707,19202.33984,17389.57031,19083.09961,19083.09961
11/1/2015,18827.10938,19994.05078,18641.2207,19747.4707,19747.4707
12/1/2015,19799.08008,20012.40039,18562.50977,19033.71094,19033.71094
1/1/2016,18818.58008,18951.11914,16017.25977,17518.30078,17518.30078
2/1/2016,17699.59961,17905.36914,14865.76953,16026.75977,16026.75977
3/1/2016,16013,17291.34961,15857.37012,16758.66992,16758.66992
4/1/2016,16719.56055,17613.56055,15471.79981,16666.05078,16666.05078
5/1/2016,16357.09961,17251.35938,15975.46973,17234.98047,17234.98047
6/1/2016,17097.2207,17145.94922,14864.00977,15575.91992,15575.91992
7/1/2016,15698.01953,16938.96094,15106.51953,16569.26953,16569.26953
8/1/2016,16415.31055,16943.66992,15921.04004,16887.40039,16887.40039
9/1/2016,16885.16016,17156.35938,16285.41016,16449.83984,16449.83984
10/1/2016,16566.0293,17461.0293,16554.83008,17425.01953,17425.01953
11/1/2016,17380.53906,18482.93945,16111.80957,18308.48047,18308.48047
12/1/2016,18535.24023,19592.90039,18227.39063,19114.36914,19114.36914
1/1/2017,19298.67969,19615.40039,18650.33008,19041.33984,19041.33984
2/1/2017,18926.9707,19519.43945,18805.32031,19118.99023,19118.99023
3/1/2017,19226.93945,19668.00977,18909.25977,18909.25977,18909.25977
4/1/2017,18988,19289.42969,18224.67969,19196.74023,19196.74023
5/1/2017,19154.0293,19998.49023,19144.61914,19650.57031,19650.57031
6/1/2017,19692.16016,20318.10938,19686.32031,20033.42969,20033.42969
7/1/2017,20056.32031,20200.88086,19856.65039,19925.17969,19925.17969
8/1/2017,19907.08008,20113.73047,19280.01953,19646.24023,19646.24023
9/1/2017,19733.57031,20481.26953,19239.51953,20356.2793,20356.2793
10/1/2017,20400.50977,22086.88086,20363.2793,22011.60938,22011.60938
11/1/2017,22144.91992,23382.15039,21972.33984,22724.96094,22724.96094
12/1/2017,22916.92969,22994.33008,22119.21094,22764.93945,22764.93945
1/1/2018,23073.73047,24129.33984,23065.19922,23098.28906,23098.28906
2/1/2018,23276.09961,23492.76953,20950.15039,22068.24023,22068.24023
3/1/2018,21901.13086,21971.16016,20347.49023,21454.30078,21454.30078
4/1/2018,21441.57031,22495.56055,21056.01953,22467.86914,22467.86914
5/1/2018,22453.41992,23050.39063,21931.65039,22201.82031,22201.82031
6/1/2018,22126.25,23011.57031,22038.40039,22304.50977,22304.50977
7/1/2018,22233.80078,22949.32031,21462.94922,22553.7207,22553.7207
8/1/2018,22642.17969,23032.16992,21851.32031,22865.15039,22865.15039
9/1/2018,22819.16992,24286.09961,22172.90039,24120.03906,24120.03906
10/1/2018,24173.36914,24448.07031,20971.92969,21920.46094,21920.46094
11/1/2018,21906.41016,22583.42969,21243.38086,22351.06055,22351.06055
12/1/2018,22629.39063,22698.78906,18948.58008,20014.76953,20014.76953
1/1/2019,19655.13086,20892.67969,19241.36914,20773.49023,20773.49023
2/1/2019,20797.0293,21610.88086,20315.31055,21385.16016,21385.16016
3/1/2019,21490.01953,21860.39063,20911.57031,21205.81055,21205.81055
4/1/2019,21500.89063,22362.91992,21471.11914,22258.73047,22258.73047
5/1/2019,22184.40039,22190.49023,20581.58008,20601.18945,20601.18945
6/1/2019,20327.86914,21497.82031,20289.64063,21275.91992,21275.91992
7/1/2019,21566.26953,21823.07031,20993.43945,21521.5293,21521.5293
8/1/2019,21361.58008,21556.68945,20110.75977,20704.36914,20704.36914
9/1/2019,20625.75,22255.56055,20554.16016,21755.83984,21755.83984
10/1/2019,21831.43945,23008.42969,21276.00977,22927.03906,22927.03906
11/1/2019,22730.49023,23608.06055,22705.59961,23293.91016,23293.91016
12/1/2019,23388.63086,24091.11914,23044.7793,23656.61914,23656.61914
1/1/2020,23319.75977,24115.94922,22892.94922,23205.17969,23205.17969
2/1/2020,22874.26953,23995.36914,20916.40039,21142.96094,21142.96094
3/1/2020,20849.78906,21719.7793,16358.19043,18917.00977,18917.00977
4/1/2020,18686.11914,20365.89063,17646.5,20193.68945,20193.68945
5/1/2020,19991.9707,21955.43945,19448.92969,21877.89063,21877.89063
6/1/2020,21910.89063,23185.84961,21529.83008,22288.14063,22288.14063
7/1/2020,22338.30078,22965.56055,21710,21710,21710
8/1/2020,21947.58008,23431.03906,21919.83008,23139.75977,23139.75977
9/1/2020,23089.63086,23622.74023,22878.71094,23185.11914,23185.11914
10/1/2020,23184.92969,23725.58008,22948.4707,22977.13086,22977.13086
11/1/2020,23110.74023,26834.19922,23096.78906,26433.61914,26433.61914
12/1/2020,26624.19922,27602.51953,26327.08008,27444.16992,27444.16992
1/1/2021,27575.57031,28979.5293,27002.17969,27663.39063,27663.39063
2/1/2021,27649.07031,30714.51953,27649.07031,28966.00977,28966.00977
3/1/2021,29419.44922,30485,28308.57031,29178.80078,29178.80078
4/1/2021,29441.91016,30208.89063,28419.83984,28812.63086,28812.63086
5/1/2021,29024.00977,29685.41016,27385.0293,28860.08008,28860.08008
6/1/2021,28998.65039,29480.84961,27795.85938,28791.5293,28791.5293
7/1/2021,28832.41016,28852.31055,27272.49023,27283.58984,27283.58984
8/1/2021,27493.32031,28279.80078,26954.81055,28089.53906,28089.53906
9/1/2021,28179.03906,30795.7793,28179.03906,29452.66016,29452.66016
10/1/2021,29235.10938,29489.10938,27293.61914,28892.68945,28892.68945
11/1/2021,29330.67969,29960.92969,27819.14063,27821.75977,27821.75977
12/1/2021,27866.73047,29121.00977,27588.60938,28791.71094,28791.71094
1/1/2022,29098.41016,29388.16016,26044.51953,27001.98047,27001.98047
2/1/2022,27167.14063,27880.69922,25775.64063,26526.82031,26526.82031
3/1/2022,26836.74023,28338.81055,24681.74023,27821.42969,27821.42969
4/1/2022,27624.10938,27965.93945,26051.03906,26847.90039,26847.90039
5/1/2022,26851.09961,27463.33008,25688.10938,27279.80078,27279.80078
6/1/2022,27295.63086,28389.75,25520.23047,26393.03906,26393.03906
7/1/2022,26460.71094,28015.67969,25841.75,27801.64063,27801.64063
8/1/2022,27813.82031,29222.76953,27530.59961,28091.5293,28091.5293
9/1/2022,27797,28659.75977,25805.58984,25937.21094,25937.21094
10/1/2022,25778.94922,27602.99023,25621.96094,27587.46094,27587.46094
11/1/2022,27614.64063,28502.28906,27032.01953,27968.99023,27968.99023
12/1/2022,28273.13086,28423.46094,25953.91992,26094.5,26094.5
1/1/2023,25834.92969,27502.15039,25661.89063,27327.10938,27327.10938
2/1/2023,27483.41016,27821.2207,27046.08008,27445.56055,27445.56055
3/1/2023,27363.57031,28734.78906,26632.91992,28041.48047,28041.48047
4/1/2023,28203.34961,28879.24023,27427.66016,28856.43945,28856.43945
5/1/2023,29058.05078,31560.42969,28931.81055,30887.88086,30887.88086
6/1/2023,30886.00977,33772.89063,30853.43945,33189.03906,33189.03906
7/1/2023,33517.60156,33762.80859,31791.71094,33172.21875,33172.21875
8/1/2023,33292.30859,33488.76953,31275.25,32619.33984,32619.33984
9/1/2023,32521.15039,33634.30859,31674.41992,31857.61914,31857.61914
10/1/2023,32101.9707,32533.08008,30487.66992,31269.91992,31269.91992
